band_id,band_name,formed_year,origin_country,subgenre,hall_of_fame_year
1,Led Zeppelin,1968,UK,Hard Rock,1995
2,Pink Floyd,1965,UK,Progressive Rock,1996
3,The Rolling Stones,1962,UK,Blues Rock,1989
4,Queen,1970,UK,Arena Rock,2001
5,The Who,1964,UK,Hard Rock,1990
6,Fleetwood Mac,1967,UK,Soft Rock,1998
7,Eagles,1971,US,Country Rock,1998
8,AC/DC,1973,Australia,Hard Rock,2003
9,Aerosmith,1970,US,Hard Rock,2001
10,Deep Purple,1968,UK,Hard Rock,2016
11,Black Sabbath,1968,UK,Heavy Metal,2006
12,The Doors,1965,US,Psychedelic Rock,1993
13,Lynyrd Skynyrd,1964,US,Southern Rock,2006
14,Creedence Clearwater Revival,1967,US,Roots Rock,1993
15,Boston,1975,US,Arena Rock,
16,Journey,1973,US,Arena Rock,2017
17,Van Halen,1972,US,Hard Rock,2007
